periodo,observations,defaults,default_rate
post_covid,61681,4865,0.07887355911869133
pre_covid,205487,16143,0.07855971423983026
