scenario,roc_auc,pr_auc,brier
BASE (CV OOF),0.9743648500683604,0.7880636648161371,0.0298950989160542
STRESS (post-COVID),0.9631723168755498,0.803022500076084,0.03060582669605942
